feature,importance_gain,importance_split
rrf_score,15920.305278778076,16
twotower_score,3029.890690743923,13
candidate_brand,2063.170358657837,10
twotower_rank,1719.1298273801804,17
candidate_item_id,1550.4760131835938,2
candidate_category2,1257.3634967803955,8
candidate_product_id,705.7858991622925,4
candidate_popularity,594.6330880522728,37
user_id,494.5001983642578,6
als_score,390.28167951107025,5
als_rank,278.1594250202179,9
candidate_price,224.38922905921936,26
candidate_category1,207.5473051071167,4
twotower_score_norm,133.5910919904709,12
als_score_norm,89.91877174377441,5
gru_score,60.40660095214844,1
covis_rank,14.738990306854248,2
als_rr,14.29570984840393,2
twotower_rr,13.34160041809082,1
covis_score,12.58818006515503,2
covis_rr,8.08860969543457,1
source_count,5.214739799499512,1
gru_rank,4.449000120162964,2
candidate_condition,0.0,0
candidate_shipper,0.0,0
covis_score_norm,0.0,0
content_rank,0.0,0
content_score_norm,0.0,0
content_rr,0.0,0
content_score,0.0,0
candidate_category0,0.0,0
gru_rr,0.0,0
gru_score_norm,0.0,0
