file,kind,sources,note,sha256,slides
images/03_missing_percentage.png,original_copy,data/processed/eda_merrec_may/kernel_1752/figures/03_missing_percentage.png; training/00_eda.ipynb,"Missing tính theo dòng tương tác, không phải item duy nhất.",7c4764e99631476da26d7b844036212afed4db5ada9605c5bd899df1bc1cd0d8,12
images/05_user_interactions_log.png,original_copy,data/processed/eda_merrec_may/kernel_1752/figures/05_user_interactions_log.png; training/00_eda.ipynb,Histogram mẫu 100.000 user; thống kê slide từ toàn bộ user.,ba1ae0296712c9440e307103b5676b64218eea59ebfea0d30bcc1bfbf3cb851c,16
images/06_item_interactions_log.png,original_copy,data/processed/eda_merrec_may/kernel_1752/figures/06_item_interactions_log.png; training/00_eda.ipynb,Histogram mẫu 100.000 item; thống kê slide từ toàn bộ item.,49296e614ca5dfe34f683c7e25a15e2acd3588a722e56bcce2f5729e94200ebc,17
images/06_popularity_pareto.png,original_copy,data/processed/eda_merrec_may/kernel_1752/figures/06_popularity_pareto.png; training/00_eda.ipynb,Tích lũy tương tác theo độ phổ biến item.,282a244421a230e9b9c4521200b72a9acf7028a639f4694825896ce68eef84d9,17
images/07_session_length.png,original_copy,data/processed/eda_merrec_may/kernel_1752/figures/07_session_length.png; training/00_eda.ipynb,"Histogram mẫu 100.000 session; khóa (user_id, session_id).",c84439ae1473e238a61c37a695f0a9685adf5feb7ae13b306fec87a70b8f46fd,18
images/07_session_duration.png,original_copy,data/processed/eda_merrec_may/kernel_1752/figures/07_session_duration.png; training/00_eda.ipynb,Mẫu 100.000 session; duration = max(ts)-min(ts).,83a1930fb1d1dcb2f4ecc8f42a5102151826fb3a646914f68e9854bd57f9e6ac,18
images/09_daily_interactions.png,original_copy,data/processed/eda_merrec_may/kernel_1752/figures/09_daily_interactions.png; training/00_eda.ipynb,"UTC; ngày 31/05 chỉ có 88 sự kiện, không đầy đủ ngày.",013221cd30915a13dd01cbf244f8711f007a2fca1de2528f76b41e0b6185aa6b,19
images/09_hourly_interactions.png,original_copy,data/processed/eda_merrec_may/kernel_1752/figures/09_hourly_interactions.png; training/00_eda.ipynb,"Giờ UTC, không phải giờ địa phương.",2a6ba5718b5a897023225efa99a1dacac3e5929bc16dc262137a41ac3edbd13b,
images/09_day_hour_heatmap.png,original_copy,data/processed/eda_merrec_may/kernel_1752/figures/09_day_hour_heatmap.png; training/00_eda.ipynb,Heatmap theo UTC.,3e061372862a9ab03798f35b8b56efe1b85eddcb3e025b20e73e0618dfc98093,19
images/10_top_category0.png,original_copy,data/processed/eda_merrec_may/kernel_1752/figures/10_top_category0.png; training/00_eda.ipynb,"Số tương tác, không phải số item.",3f925c268af86803eafc6814edd8f1f66e50892ad9dde0fcbd341a5af1efab1d,20
images/10_top_category1.png,original_copy,data/processed/eda_merrec_may/kernel_1752/figures/10_top_category1.png; training/00_eda.ipynb,"Số tương tác, không phải số item.",d333893b603471b63f706314ebe08c0c4ff3b7dcc9683c73c12f6ed61d546ef3,20
images/11_price_hist.png,original_copy,data/processed/eda_merrec_may/kernel_1752/figures/11_price_hist.png; training/00_eda.ipynb,Ảnh EDA gốc; xem notebook về cách lấy mẫu.,b8bcca552db86a1e8d70605d0acfda6232cfa649ef7b379320d51e19296e7a27,
images/11_price_log_hist.png,original_copy,data/processed/eda_merrec_may/kernel_1752/figures/11_price_log_hist.png; training/00_eda.ipynb,Ảnh giá trên thang log; không tự quy đổi tiền tệ.,14f06f20675df6d05d7ca76a1f0902e86a661c4805b4085b5c70e9a3ecd9f256,21
images/12_k_core_removed.png,original_copy,data/processed/eda_merrec_may/kernel_1752/figures/12_k_core_removed.png; training/00_eda.ipynb,"One-pass diagnostic, không phải k-core hội tụ hoặc bước lọc cuối.",34a42b8c7adcc48c750358426fe54237aec4655b66b05944033382bbf369ab0d,22
images/s15_event_mapping_corrected.png,generated,data/processed/recommender/tables/01_event_mapping.csv,Vẽ từ số đếm đã lưu. cart/offer đúng mapping preprocessing; không dùng funnel EDA cũ.,a1ef24b0dcf894edb1a409875cc997f6d49307fc5f181108da58537f4c972e4d,15
images/s23_event_weights.png,generated,training/01_preprocess.ipynb,"Trọng số cấu hình, không phải tham số học được.",a4f317f3504cd986bfb65b7a38b6ef275723b3dc5c7cc6a13b950b976571bfab,23
images/s13_temporal_split.png,generated,data/processed/recommender/tables/02_split_summary.csv; data/processed/recommender/tables/09_split_integrity.csv,"Độ rộng theo số tương tác, không phải số ngày. Tổng split 174.725.659.",1084d8231cf09989b23f423fe1a2e58a4b61803668ae096d1f8284d894a93f92,13
images/s14_cold_start.png,generated,data/processed/recommender/tables/03_cold_start_summary.csv,Tính theo dòng. Cold-user và cold-item giao nhau; không cộng ba cột.,3acdfb9325dba7219ac3a24c0359dc7f7788bfb2f0603ca1d7355863b0583fd0,14
images/s34_training_loss.png,generated,artifacts/merrec_models/GRU4Rec/metrics/train_history.json; artifacts/merrec_models/TwoTower/metrics/train_history.json,Loss hai mô hình khác mục tiêu; chỉ so xu hướng riêng.,0671bf7bf737a0a936e58669627cf7c69ed54bddcd2dc98c226e2d10b7a6e2f7,34
images/s37_gru_sampled_recall.png,generated,artifacts/merrec_models/GRU4Rec/metrics/train_history.json; artifacts/merrec_models/GRU4Rec/metrics/summary.json,"1.810 user đánh giá; sampled VAL, không phải TEST/full-index.",c86cebbb6cfbced642e7f97519c958641d5809ad3459317167fd41f549787801,37
images/s35_twotower_protocols.png,generated,artifacts/merrec_models/TwoTower/metrics/train_history.json; artifacts/merrec_models/TwoTower/metrics/val_full_index_metrics.json,Khác protocol; không quy toàn bộ chênh lệch cho FAISS.,8c8b89f45e2748a4cea7e2ab1a45336d9e90c4bdccd7db101904fa49c73dee4a,35
images/s36_results_table.png,generated,training/checkpoints/content_based_full_catalog/evaluation_test.csv; training/checkpoints/covisitation/polars_v2/results/test_metrics.csv; artifacts/merrec_models/ALS/metrics/test_metrics.csv; artifacts/merrec_models/TwoTower/metrics/test_full_index_metrics.json,"Giữ thứ tự phương pháp, không xếp hạng. Không có SASRec.",57466b62c54f6417cb7953c72de321cfd804efce5a1cb0fbf5bc0202c9459bf6,36
